31,000BFD9e378Cfb7,http://www.mcguire.com/,Nicaragua,Right-sized mission-critical function,0,Market Research,316,Cohen, Monroe and Dawson
31,000BFD9e378Cfb7,http://www.mcguire.com/,Nicaragua,Right-sized mission-critical function,0,Market Research,316,Cohen, Monroe and Dawson
64,0131BE832bFBbE7,http://bray.biz/,Zambia,Decentralized grid-enabled infrastructure,0,Maritime,343,Tyler LLC
64,0131BE832bFBbE7,http://bray.biz/,Zambia,Decentralized grid-enabled infrastructure,0,Maritime,343,Tyler LLC
1,fa9dDEFF1e5d9b4,https://www.cowan.org/,Chad,Exclusive responsive intranet,0,Veterinary,380,Jefferson Ltd
1,fa9dDEFF1e5d9b4,https://www.cowan.org/,Chad,Exclusive responsive intranet,0,Veterinary,380,Jefferson Ltd
63,1efEc488F2493fb,http://www.andrews-hays.com/,Bouvet Island (Bouvetoya),Synchronized foreground frame,0,Alternative Dispute Resolution,415,Shaw Inc
63,1efEc488F2493fb,http://www.andrews-hays.com/,Bouvet Island (Bouvetoya),Synchronized foreground frame,0,Alternative Dispute Resolution,415,Shaw Inc
55,D6a328f28bC46B4,http://frey.com/,Finland,Secured 24/7 adapter,0,Supermarkets,567,Taylor, Woodard and Hayden
55,D6a328f28bC46B4,http://frey.com/,Finland,Secured 24/7 adapter,0,Supermarkets,567,Taylor, Woodard and Hayden
85,61A1efe4B72DC34,http://blackwell.org/,Dominica,Multi-tiered analyzing website,0,Utilities,941,Davenport-Buckley
85,61A1efe4B72DC34,http://blackwell.org/,Dominica,Multi-tiered analyzing website,0,Utilities,941,Davenport-Buckley
80,8c5F9b0EbC8A51F,https://watts-allen.net/,Turks and Caicos Islands,Multi-layered radical hierarchy,0,Motion Pictures / Film,1149,Drake LLC
80,8c5F9b0EbC8A51F,https://watts-allen.net/,Turks and Caicos Islands,Multi-layered radical hierarchy,0,Motion Pictures / Film,1149,Drake LLC
45,75FE1ED6aC2CB6F,http://www.donovan.info/,Brazil,Assimilated optimal toolset,0,Public Relations / PR,1150,Rivera Inc
45,75FE1ED6aC2CB6F,http://www.donovan.info/,Brazil,Assimilated optimal toolset,0,Public Relations / PR,1150,Rivera Inc
38,F5DA7FBEA30eC1d,https://collier.com/,Lesotho,Proactive directional strategy,0,Philanthropy,1378,Mcclure-Mendoza
38,F5DA7FBEA30eC1d,https://collier.com/,Lesotho,Proactive directional strategy,0,Philanthropy,1378,Mcclure-Mendoza
6,d0e5cC4Dd2De0da,http://www.bray.com/,Solomon Islands,Digitized mobile data-warehouse,0,Fishery,1442,Woodward PLC
6,d0e5cC4Dd2De0da,http://www.bray.com/,Solomon Islands,Digitized mobile data-warehouse,0,Fishery,1442,Woodward PLC
37,741246062bC0Fe2,http://bailey-schaefer.com/,Philippines,Streamlined 4thgeneration flexibility,0,Public Relations / PR,1465,Murphy Inc
37,741246062bC0Fe2,http://bailey-schaefer.com/,Philippines,Streamlined 4thgeneration flexibility,0,Public Relations / PR,1465,Murphy Inc
46,f79fEcaeDCc6CC5,http://www.marshall.net/,Ecuador,Upgradable transitional Graphical User Interface,0,Entertainment / Movie Production,1508,Parrish-Mays
46,f79fEcaeDCc6CC5,http://www.marshall.net/,Ecuador,Upgradable transitional Graphical User Interface,0,Entertainment / Movie Production,1508,Parrish-Mays
51,dB9FffecbFB2f82,https://www.underwood.com/,New Caledonia,Multi-layered bandwidth-monitored product,0,Aviation / Aerospace,1524,Moreno Ltd
51,dB9FffecbFB2f82,https://www.underwood.com/,New Caledonia,Multi-layered bandwidth-monitored product,0,Aviation / Aerospace,1524,Moreno Ltd
8,a9a6c388E7A0Ec8,http://www.lucas-beck.com/,Slovakia (Slovak Republic),Synergistic logistical open system,0,Events Services,1755,Duncan, Terrell and Gutierrez
8,a9a6c388E7A0Ec8,http://www.lucas-beck.com/,Slovakia (Slovak Republic),Synergistic logistical open system,0,Events Services,1755,Duncan, Terrell and Gutierrez
39,a46fdCEA171B5C6,https://hodges.com/,El Salvador,Customer-focused next generation functionalities,0,Investment Management / Hedge Fund / Private Equity,1795,Chase Group
39,a46fdCEA171B5C6,https://hodges.com/,El Salvador,Customer-focused next generation functionalities,0,Investment Management / Hedge Fund / Private Equity,1795,Chase Group
16,0f47D5fc77caE4e,https://meza-frank.com/,Guyana,Open-architected tertiary project,0,Computer Software / Engineering,1904,Parks-George
16,0f47D5fc77caE4e,https://meza-frank.com/,Guyana,Open-architected tertiary project,0,Computer Software / Engineering,1904,Parks-George
77,AbFEb2ECDAbdF41,http://www.davis.biz/,Congo,Enhanced impactful adapter,0,Mechanical or Industrial Engineering,1940,Haas-Nelson
77,AbFEb2ECDAbdF41,http://www.davis.biz/,Congo,Enhanced impactful adapter,0,Mechanical or Industrial Engineering,1940,Haas-Nelson
2,CCBc1EF190D2d35,https://www.gamble-elliott.com/,New Caledonia,Future-proofed multi-state database,0,Civic / Social Organization,1947,Jones LLC
2,CCBc1EF190D2d35,https://www.gamble-elliott.com/,New Caledonia,Future-proofed multi-state database,0,Civic / Social Organization,1947,Jones LLC
70,d3E5d3DAbEfF18F,http://www.richardson.com/,Micronesia,Sharable context-sensitive array,0,Medical Practice,1957,Mckenzie, Mora and Guerrero
70,d3E5d3DAbEfF18F,http://www.richardson.com/,Micronesia,Sharable context-sensitive array,0,Medical Practice,1957,Mckenzie, Mora and Guerrero
34,295Bb5ed55D1bbE,https://www.krueger.info/,Cameroon,Reactive demand-driven function,0,Non - Profit / Volunteering,1975,Bentley, Chavez and Bryant
34,295Bb5ed55D1bbE,https://www.krueger.info/,Cameroon,Reactive demand-driven function,0,Non - Profit / Volunteering,1975,Bentley, Chavez and Bryant
30,dBce1Da3f9da3dE,https://www.bowers-lamb.com/,Netherlands,Stand-alone heuristic solution,0,Consumer Services,1992,Mooney, Barr and Hodges
30,dBce1Da3f9da3dE,https://www.bowers-lamb.com/,Netherlands,Stand-alone heuristic solution,0,Consumer Services,1992,Mooney, Barr and Hodges
57,D818bFAA2EF83fd,http://www.glenn.info/,Algeria,Progressive encompassing protocol,0,Insurance,2098,Hart, Norman and Solis
57,D818bFAA2EF83fd,http://www.glenn.info/,Algeria,Progressive encompassing protocol,0,Insurance,2098,Hart, Norman and Solis
27,795cc8BF6eBbD5e,https://www.miranda-munoz.org/,Saint Martin,Reduced 24hour complexity,0,International Affairs,2147,Rasmussen-Lawson
27,795cc8BF6eBbD5e,https://www.miranda-munoz.org/,Saint Martin,Reduced 24hour complexity,0,International Affairs,2147,Rasmussen-Lawson
93,ED6f78d8Fef35f9,https://mathis.biz/,Norway,Polarized mission-critical instruction set,0,Commercial Real Estate,2269,Cochran PLC
93,ED6f78d8Fef35f9,https://mathis.biz/,Norway,Polarized mission-critical instruction set,0,Commercial Real Estate,2269,Cochran PLC
71,E9FDA0ccb74DC6c,http://erickson.biz/,Taiwan,Polarized impactful challenge,0,Computer / Network Security,2337,Johns, Mcdonald and Barber
71,E9FDA0ccb74DC6c,http://erickson.biz/,Taiwan,Polarized impactful challenge,0,Computer / Network Security,2337,Johns, Mcdonald and Barber
35,D97Ed4fE1EB45B7,https://www.sharp.com/,Bosnia and Herzegovina,Exclusive coherent benchmark,0,Recreational Facilities / Services,2407,Cooley, Booth and Mathews
35,D97Ed4fE1EB45B7,https://www.sharp.com/,Bosnia and Herzegovina,Exclusive coherent benchmark,0,Recreational Facilities / Services,2407,Cooley, Booth and Mathews
42,009E819DD633af0,http://www.hurley-lewis.com/,Moldova,Polarized asymmetric orchestration,0,Computer Games,2498,Guzman, Powers and Mcdaniel
42,009E819DD633af0,http://www.hurley-lewis.com/,Moldova,Polarized asymmetric orchestration,0,Computer Games,2498,Guzman, Powers and Mcdaniel
78,7eCc8E131B4d26E,https://cervantes.com/,Guinea-Bissau,Integrated explicit leverage,0,Law Enforcement,2521,Esparza, Bullock and Hale
78,7eCc8E131B4d26E,https://cervantes.com/,Guinea-Bissau,Integrated explicit leverage,0,Law Enforcement,2521,Esparza, Bullock and Hale
23,EfcFAE08b8F18D6,http://lopez.com/,United States of America,Expanded solution-oriented artificial intelligence,0,Program Development,2666,Massey, Montoya and Johnston
23,EfcFAE08b8F18D6,http://lopez.com/,United States of America,Expanded solution-oriented artificial intelligence,0,Program Development,2666,Massey, Montoya and Johnston
20,6D1731FFb5F71f9,http://www.west.net/,Nigeria,Focused holistic matrix,0,Military Industry,2717,Peters, Woodward and Barron
20,6D1731FFb5F71f9,http://www.west.net/,Nigeria,Focused holistic matrix,0,Military Industry,2717,Peters, Woodward and Barron
97,ecA44CdCCec0b29,http://mcmahon.com/,New Zealand,Open-architected transitional artificial intelligence,0,Entertainment / Movie Production,2979,Baird-Abbott
97,ecA44CdCCec0b29,http://mcmahon.com/,New Zealand,Open-architected transitional artificial intelligence,0,Entertainment / Movie Production,2979,Baird-Abbott
41,0cB52ADB1075E7a,http://pittman.info/,Sweden,Switchable transitional circuit,0,Package / Freight Delivery,3328,Briggs Group
41,0cB52ADB1075E7a,http://pittman.info/,Sweden,Switchable transitional circuit,0,Package / Freight Delivery,3328,Briggs Group
89,bFeAd1437FC3B7d,http://www.bruce.net/,Peru,Persistent transitional knowledge user,0,Publishing Industry,3336,Brown-Cox
89,bFeAd1437FC3B7d,http://www.bruce.net/,Peru,Persistent transitional knowledge user,0,Publishing Industry,3336,Brown-Cox
86,3B2dEB7CE20f4aE,http://avila.net/,Kiribati,Exclusive multimedia flexibility,0,Food / Beverages,3359,Carson, Wall and Ayers
86,3B2dEB7CE20f4aE,http://avila.net/,Kiribati,Exclusive multimedia flexibility,0,Food / Beverages,3359,Carson, Wall and Ayers
60,0e2ecA0fa57b3eC,https://huynh-cain.com/,Gabon,Enhanced radical groupware,0,Glass / Ceramics / Concrete,3393,Ryan-York
60,0e2ecA0fa57b3eC,https://huynh-cain.com/,Gabon,Enhanced radical groupware,0,Glass / Ceramics / Concrete,3393,Ryan-York
98,C2EDfa5ddC9D76C,http://pierce.com/,South Africa,Focused asymmetric attitude,0,Music,3515,Ayers and Sons
98,C2EDfa5ddC9D76C,http://pierce.com/,South Africa,Focused asymmetric attitude,0,Music,3515,Ayers and Sons
11,3aD6ba8f11bacE9,https://www.hensley.net/,Jersey,Future-proofed composite conglomeration,0,Information Technology / IT,3612,Mcclure, Salinas and Huynh
11,3aD6ba8f11bacE9,https://www.hensley.net/,Jersey,Future-proofed composite conglomeration,0,Information Technology / IT,3612,Mcclure, Salinas and Huynh
76,7adF117B467fa60,http://lang.com/,Brazil,Horizontal directional project,0,Textiles,3621,Ferguson Group
76,7adF117B467fa60,http://lang.com/,Brazil,Horizontal directional project,0,Textiles,3621,Ferguson Group
15,a0E96b0e932FcF5,http://www.dillon.com/,Cocos (Keeling) Islands,Persevering regional interface,0,Information Technology / IT,3646,Merritt, Charles and Malone
15,a0E96b0e932FcF5,http://www.dillon.com/,Cocos (Keeling) Islands,Persevering regional interface,0,Information Technology / IT,3646,Merritt, Charles and Malone
36,92d60c876A1FE87,http://www.meyer.com/,Angola,Intuitive grid-enabled ability,0,International Trade / Development,3900,Turner, Bradshaw and Werner
36,92d60c876A1FE87,http://www.meyer.com/,Angola,Intuitive grid-enabled ability,0,International Trade / Development,3900,Turner, Bradshaw and Werner
56,5ce4Bf6c2b7C7ac,https://www.mcknight.com/,Aruba,Cloned grid-enabled system engine,0,Fundraising,3915,Kramer, Prince and Rogers
56,5ce4Bf6c2b7C7ac,https://www.mcknight.com/,Aruba,Cloned grid-enabled system engine,0,Fundraising,3915,Kramer, Prince and Rogers
44,BA3F63f7Da539be,https://henson.net/,Swaziland,Triple-buffered upward-trending definition,0,Information Technology / IT,3925,Benson-Horne
44,BA3F63f7Da539be,https://henson.net/,Swaziland,Triple-buffered upward-trending definition,0,Information Technology / IT,3925,Benson-Horne
92,Dc113f88b1bCEA7,http://donovan-norman.net/,Madagascar,Multi-tiered asynchronous secured line,0,Restaurants,3987,Mcconnell, Castro and Jensen
92,Dc113f88b1bCEA7,http://donovan-norman.net/,Madagascar,Multi-tiered asynchronous secured line,0,Restaurants,3987,Mcconnell, Castro and Jensen
32,Ffd35fFb6E9cB1a,https://www.serrano.biz/,Bangladesh,Customizable executive installation,0,Fishery,4328,Frye-Fernandez
32,Ffd35fFb6E9cB1a,https://www.serrano.biz/,Bangladesh,Customizable executive installation,0,Fishery,4328,Frye-Fernandez
54,deEF8CBbfecE07F,https://wilkins.net/,Italy,Phased composite interface,0,Online Publishing,4341,Hoffman-Holt
54,deEF8CBbfecE07F,https://wilkins.net/,Italy,Phased composite interface,0,Online Publishing,4341,Hoffman-Holt
84,7B566AE031Cbad6,https://rice.com/,Kiribati,Robust system-worthy function,0,Health / Fitness,4351,Pitts PLC
84,7B566AE031Cbad6,https://rice.com/,Kiribati,Robust system-worthy function,0,Health / Fitness,4351,Pitts PLC
52,87eFCBd13fcA9D2,http://spears.com/,Philippines,Advanced user-facing knowledgebase,0,Recreational Facilities / Services,4461,Fry-Huynh
52,87eFCBd13fcA9D2,http://spears.com/,Philippines,Advanced user-facing knowledgebase,0,Recreational Facilities / Services,4461,Fry-Huynh
82,9AC2e52f4d6fE2A,http://flynn-dunn.com/,Singapore,Managed bifurcated concept,0,Human Resources / HR,4535,Morrison-Barker
82,9AC2e52f4d6fE2A,http://flynn-dunn.com/,Singapore,Managed bifurcated concept,0,Human Resources / HR,4535,Morrison-Barker
99,c130B7aA59C950E,https://mcdaniel-kemp.biz/,Mauritania,Digitized system-worthy matrices,0,Design,4793,Mcguire and Sons
99,c130B7aA59C950E,https://mcdaniel-kemp.biz/,Mauritania,Digitized system-worthy matrices,0,Design,4793,Mcguire and Sons
47,3eBD1fed24f6C1A,http://chang.com/,Bhutan,Universal interactive archive,0,Non - Profit / Volunteering,4822,Lewis, Stone and Atkinson
47,3eBD1fed24f6C1A,http://chang.com/,Bhutan,Universal interactive archive,0,Non - Profit / Volunteering,4822,Lewis, Stone and Atkinson
5,6d045fc621Eca5B,http://webster-kramer.com/,Guinea-Bissau,Synchronized didactic forecast,0,Marketing / Advertising / Sales,4835,Leon-Christian
5,6d045fc621Eca5B,http://webster-kramer.com/,Guinea-Bissau,Synchronized didactic forecast,0,Marketing / Advertising / Sales,4835,Leon-Christian
68,EaDc7840cf6e14e,http://www.norton.org/,Bangladesh,Reactive stable firmware,0,Museums / Institutions,4887,Frye PLC
68,EaDc7840cf6e14e,http://www.norton.org/,Bangladesh,Reactive stable firmware,0,Museums / Institutions,4887,Frye PLC
49,45BffcF57Db2F56,http://www.irwin.com/,Taiwan,Future-proofed local core,0,Outsourcing / Offshoring,4966,Baker-Bush
49,45BffcF57Db2F56,http://www.irwin.com/,Taiwan,Future-proofed local core,0,Outsourcing / Offshoring,4966,Baker-Bush
75,802f78c56Fc1ced,https://www.porter.com/,Belarus,Business-focused web-enabled open architecture,0,Professional Training,5013,Stephens, Aguilar and Weber
75,802f78c56Fc1ced,https://www.porter.com/,Belarus,Business-focused web-enabled open architecture,0,Professional Training,5013,Stephens, Aguilar and Weber
87,EBc16Caba9271B9,https://www.valencia-stafford.info/,Tajikistan,Cloned multi-state system engine,0,Political Organization,5173,Powell Group
87,EBc16Caba9271B9,https://www.valencia-stafford.info/,Tajikistan,Cloned multi-state system engine,0,Political Organization,5173,Powell Group
10,0FaDF4db6A8b47A,https://www.lynn-robles.net/,South Georgia and the South Sandwich Islands,Polarized homogeneous core,0,Automotive,5230,Jefferson Ltd
10,0FaDF4db6A8b47A,https://www.lynn-robles.net/,South Georgia and the South Sandwich Islands,Polarized homogeneous core,0,Automotive,5230,Jefferson Ltd
96,70b14bEADe9EBFE,http://www.carroll.org/,French Polynesia,Assimilated non-volatile intranet,0,Online Publishing,5321,Cooper, Sosa and Horn
96,70b14bEADe9EBFE,http://www.carroll.org/,French Polynesia,Assimilated non-volatile intranet,0,Online Publishing,5321,Cooper, Sosa and Horn
19,b6e0bA4fEB1e8Ca,https://lowe.org/,Netherlands,De-engineered real-time moratorium,0,Restaurants,5348,Mcdaniel-Kane
19,b6e0bA4fEB1e8Ca,https://lowe.org/,Netherlands,De-engineered real-time moratorium,0,Restaurants,5348,Mcdaniel-Kane
26,eFBd9DDfAD9efbf,https://robles.com/,Brunei Darussalam,Future-proofed context-sensitive artificial intelligence,0,Utilities,5349,Franklin-Wilkinson
26,eFBd9DDfAD9efbf,https://robles.com/,Brunei Darussalam,Future-proofed context-sensitive artificial intelligence,0,Utilities,5349,Franklin-Wilkinson
40,ecF2A8a4ce5221F,https://christian-joyce.com/,Argentina,Centralized dedicated alliance,0,Farming,5581,Christian PLC
40,ecF2A8a4ce5221F,https://christian-joyce.com/,Argentina,Centralized dedicated alliance,0,Farming,5581,Christian PLC
66,B45bBd402af75a0,http://www.sampson.com/,Bahrain,Visionary dedicated matrix,0,Electrical / Electronic Manufacturing,5599,Kent Inc
66,B45bBd402af75a0,http://www.sampson.com/,Bahrain,Visionary dedicated matrix,0,Electrical / Electronic Manufacturing,5599,Kent Inc
53,A93BbcA94abEdFc,http://pittman.com/,Tonga,Decentralized client-server architecture,0,Investment Banking / Venture,5733,Chen-Robertson
53,A93BbcA94abEdFc,http://pittman.com/,Tonga,Decentralized client-server architecture,0,Investment Banking / Venture,5733,Chen-Robertson
25,EeaF8ddDE6B6686,http://dillon.info/,Gambia,Polarized asymmetric workforce,0,Writing / Editing,5824,Pace Group
25,EeaF8ddDE6B6686,http://dillon.info/,Gambia,Polarized asymmetric workforce,0,Writing / Editing,5824,Pace Group
90,EeADE0A6f9563f4,http://www.sanford.com/,India,Visionary directional Graphical User Interface,0,Government Administration,5843,Winters Inc
90,EeADE0A6f9563f4,http://www.sanford.com/,India,Visionary directional Graphical User Interface,0,Government Administration,5843,Winters Inc
21,3C8842c4486f1d0,https://www.porter-crane.biz/,Cape Verde,Polarized dedicated alliance,0,Insurance,5877,Baker-Montgomery
21,3C8842c4486f1d0,https://www.porter-crane.biz/,Cape Verde,Polarized dedicated alliance,0,Insurance,5877,Baker-Montgomery
91,90EF564fc3dDe2e,http://www.ibarra-conrad.biz/,Belarus,Down-sized systematic protocol,0,Staffing / Recruiting,5909,Nixon Ltd
91,90EF564fc3dDe2e,http://www.ibarra-conrad.biz/,Belarus,Down-sized systematic protocol,0,Staffing / Recruiting,5909,Nixon Ltd
33,69C7A8Fa49Cd35B,http://marquez.com/,Morocco,Multi-layered asynchronous secured line,0,Food Production,5921,Mitchell-Fisher
33,69C7A8Fa49Cd35B,http://marquez.com/,Morocco,Multi-layered asynchronous secured line,0,Food Production,5921,Mitchell-Fisher
72,baBAa4aCaCE4fEA,http://www.villegas.com/,Hungary,Decentralized asymmetric flexibility,0,Accounting,6297,Henson LLC
72,baBAa4aCaCE4fEA,http://www.villegas.com/,Hungary,Decentralized asymmetric flexibility,0,Accounting,6297,Henson LLC
9,8b3bebb6fee43fA,https://moyer-glass.com/,Faroe Islands,Profit-focused methodical array,0,Packaging / Containers,6344,Vaughn-Obrien
9,8b3bebb6fee43fA,https://moyer-glass.com/,Faroe Islands,Profit-focused methodical array,0,Packaging / Containers,6344,Vaughn-Obrien
28,54A322dB3Dfb9AB,http://www.murray-bowman.info/,Christmas Island,Progressive dedicated productivity,0,Chemicals,6394,Mata, Farrell and Mclean
28,54A322dB3Dfb9AB,http://www.murray-bowman.info/,Christmas Island,Progressive dedicated productivity,0,Chemicals,6394,Mata, Farrell and Mclean
13,523f61BC0D60191,https://huber-vaughan.com/,French Southern Territories,Organized optimal challenge,0,Mental Health Care,6438,Harper-Mcbride
13,523f61BC0D60191,https://huber-vaughan.com/,French Southern Territories,Organized optimal challenge,0,Mental Health Care,6438,Harper-Mcbride
61,E66129B3ddEfB4E,https://cannon-baldwin.com/,Saint Martin,Programmable responsive synergy,0,Research Industry,6548,Curry-Gillespie
61,E66129B3ddEfB4E,https://cannon-baldwin.com/,Saint Martin,Programmable responsive synergy,0,Research Industry,6548,Curry-Gillespie
65,Fdc1aa6b1c7e5bc,https://www.drake-duarte.com/,Algeria,Ameliorated methodical neural-net,0,Marketing / Advertising / Sales,6617,Buckley-Dougherty
65,Fdc1aa6b1c7e5bc,https://www.drake-duarte.com/,Algeria,Ameliorated methodical neural-net,0,Marketing / Advertising / Sales,6617,Buckley-Dougherty
83,BD41b3ba8D4ddAb,http://gentry.com/,Lesotho,Enterprise-wide bandwidth-monitored interface,0,Architecture / Planning,6708,Everett, Davidson and Blackwell
83,BD41b3ba8D4ddAb,http://gentry.com/,Lesotho,Enterprise-wide bandwidth-monitored interface,0,Architecture / Planning,6708,Everett, Davidson and Blackwell
73,4abd00EccC5E5C0,http://www.harris.com/,Malta,Re-contextualized eco-centric time-frame,0,Staffing / Recruiting,6824,Friedman Group
73,4abd00EccC5E5C0,http://www.harris.com/,Malta,Re-contextualized eco-centric time-frame,0,Staffing / Recruiting,6824,Friedman Group
69,0ef9B1cbAE3eA2E,https://www.riggs-kramer.com/,Guernsey,Compatible secondary portal,0,Information Services,7011,Everett-Turner
69,0ef9B1cbAE3eA2E,https://www.riggs-kramer.com/,Guernsey,Compatible secondary portal,0,Information Services,7011,Everett-Turner
81,6FAEDFE7DBa1Cf5,http://www.lamb-stokes.com/,Sri Lanka,Mandatory 4thgeneration middleware,0,Logistics / Procurement,7029,Larsen, Combs and Mcneil
81,6FAEDFE7DBa1Cf5,http://www.lamb-stokes.com/,Sri Lanka,Mandatory 4thgeneration middleware,0,Logistics / Procurement,7029,Larsen, Combs and Mcneil
12,eFDD3C7010Be2cA,https://rocha.com/,Anguilla,Open-architected client-server open architecture,0,Food / Beverages,7283,Mora and Sons
12,eFDD3C7010Be2cA,https://rocha.com/,Anguilla,Open-architected client-server open architecture,0,Food / Beverages,7283,Mora and Sons
4,acDAf5289f8dc5C,https://www.hays.com/,Paraguay,Horizontal user-facing orchestration,0,Architecture / Planning,7489,Meza, Oconnell and Watts
4,acDAf5289f8dc5C,https://www.hays.com/,Paraguay,Horizontal user-facing orchestration,0,Architecture / Planning,7489,Meza, Oconnell and Watts
88,CF649d9FEaFA7dB,https://torres-garcia.com/,Haiti,Ameliorated local middleware,0,Medical Equipment,7714,Cuevas-Benton
88,CF649d9FEaFA7dB,https://torres-garcia.com/,Haiti,Ameliorated local middleware,0,Medical Equipment,7714,Cuevas-Benton
95,8C80F9daB7c9Cf8,http://www.velazquez.com/,Benin,Horizontal 3rdgeneration workforce,0,Religious Institutions,7885,Elliott Ltd
95,8C80F9daB7c9Cf8,http://www.velazquez.com/,Benin,Horizontal 3rdgeneration workforce,0,Religious Institutions,7885,Elliott Ltd
48,3DAB2cC43FebB6B,http://www.pena.com/,Luxembourg,Optional neutral policy,0,Information Services,7918,Ballard-Pitts
48,3DAB2cC43FebB6B,http://www.pena.com/,Luxembourg,Optional neutral policy,0,Information Services,7918,Ballard-Pitts
59,F3BCca4455FdeEC,https://www.perry.biz/,Austria,Implemented even-keeled open architecture,0,Food Production,7953,Boyle, Guzman and Sharp
59,F3BCca4455FdeEC,https://www.perry.biz/,Austria,Implemented even-keeled open architecture,0,Food Production,7953,Boyle, Guzman and Sharp
67,ffFd5Ae7ebE3e2E,http://cisneros.com/,Belgium,Synchronized maximized concept,0,Translation / Localization,7982,Norris LLC
67,ffFd5Ae7ebE3e2E,http://cisneros.com/,Belgium,Synchronized maximized concept,0,Translation / Localization,7982,Norris LLC
18,9cB667cB2Dd3Bd0,https://www.roberson-erickson.com/,Australia,Stand-alone scalable groupware,0,Internet,8005,Lucero Inc
18,9cB667cB2Dd3Bd0,https://www.roberson-erickson.com/,Australia,Stand-alone scalable groupware,0,Internet,8005,Lucero Inc
74,bfa1EfC27e3Dd1D,https://www.lutz-lambert.biz/,Angola,Object-based next generation migration,0,Maritime,8037,Howe-Gregory
74,bfa1EfC27e3Dd1D,https://www.lutz-lambert.biz/,Angola,Object-based next generation migration,0,Maritime,8037,Howe-Gregory
62,950858dCfFD5D0C,http://powers-perry.com/,Montenegro,Total empowering product,0,Environmental Services,8068,Moon-Drake
62,950858dCfFD5D0C,http://powers-perry.com/,Montenegro,Total empowering product,0,Environmental Services,8068,Moon-Drake
50,F7aE196F5C550C8,http://www.johnson.org/,Lithuania,Universal attitude-oriented function,0,Machinery,8149,Cuevas, Zuniga and Shaffer
50,F7aE196F5C550C8,http://www.johnson.org/,Lithuania,Universal attitude-oriented function,0,Machinery,8149,Cuevas, Zuniga and Shaffer
24,5e7A8d0bBEc47Af,https://hopkins.biz/,Turkey,Total multi-tasking functionalities,0,Food Production,8159,Montgomery Ltd
24,5e7A8d0bBEc47Af,https://hopkins.biz/,Turkey,Total multi-tasking functionalities,0,Food Production,8159,Montgomery Ltd
43,AaFBe3Bc1cd449c,http://woodward-hendricks.net/,Netherlands,Pre-emptive regional Internet solution,0,Sports,8358,Stokes-Henderson
43,AaFBe3Bc1cd449c,http://woodward-hendricks.net/,Netherlands,Pre-emptive regional Internet solution,0,Sports,8358,Stokes-Henderson
29,5D17f09F44Ab8cE,http://www.rush.com/,Honduras,Universal eco-centric open system,0,Publishing Industry,8383,Perkins-Cooper
29,5D17f09F44Ab8cE,http://www.rush.com/,Honduras,Universal eco-centric open system,0,Publishing Industry,8383,Perkins-Cooper
94,5cCE94a0b94a5b6,http://austin-valenzuela.org/,Guinea-Bissau,Face-to-face multi-state success,0,Individual / Family Services,8858,Marshall Group
94,5cCE94a0b94a5b6,http://austin-valenzuela.org/,Guinea-Bissau,Face-to-face multi-state success,0,Individual / Family Services,8858,Marshall Group
100,3D0fc8ac6CCe733,http://www.ochoa.biz/,Iceland,Right-sized grid-enabled instruction set,0,Computer Software / Engineering,8904,Potter, Dyer and Stout
3,0776D690C5bBF87,https://walker.org/,Somalia,Open-source value-added Graphical User Interface,0,Hospitality,8989,Bean and Sons
3,0776D690C5bBF87,https://walker.org/,Somalia,Open-source value-added Graphical User Interface,0,Hospitality,8989,Bean and Sons
7,f6FbDe4cfDd03F2,https://www.ramsey.net/,Libyan Arab Jamahiriya,Synchronized optimizing migration,0,Leisure / Travel,9376,Vaughan, Sullivan and Abbott
7,f6FbDe4cfDd03F2,https://www.ramsey.net/,Libyan Arab Jamahiriya,Synchronized optimizing migration,0,Leisure / Travel,9376,Vaughan, Sullivan and Abbott
14,e5AC5CFa7dc3EbF,https://www.bullock-odom.com/,Latvia,Multi-channeled bi-directional customer loyalty,0,Pharmaceuticals,9610,Tucker Group
14,e5AC5CFa7dc3EbF,https://www.bullock-odom.com/,Latvia,Multi-channeled bi-directional customer loyalty,0,Pharmaceuticals,9610,Tucker Group
17,Bc3FdDc411e7bCc,https://knight.com/,Tajikistan,Reactive client-server functionalities,0,Restaurants,9721,Mcpherson-Logan
17,Bc3FdDc411e7bCc,https://knight.com/,Tajikistan,Reactive client-server functionalities,0,Restaurants,9721,Mcpherson-Logan
58,AeafD4CAB79EC9F,http://vaughn.info/,Dominican Republic,Universal bifurcated Local Area Network,0,Program Development,9833,Hall LLC
58,AeafD4CAB79EC9F,http://vaughn.info/,Dominican Republic,Universal bifurcated Local Area Network,0,Program Development,9833,Hall LLC
22,d8b1DAaAdBDFC36,http://www.lane-camacho.info/,Antigua and Barbuda,Mandatory value-added website,0,Mining / Metals,9944,Bush Group
22,d8b1DAaAdBDFC36,http://www.lane-camacho.info/,Antigua and Barbuda,Mandatory value-added website,0,Mining / Metals,9944,Bush Group
79,19DCBF8dceEffB1,https://barker.com/,Jordan,Phased discrete approach,0,Insurance,9961,Charles, Reyes and Flores
79,19DCBF8dceEffB1,https://barker.com/,Jordan,Phased discrete approach,0,Insurance,9961,Charles, Reyes and Flores
100,3D0fc8ac6CCe733,http://www.ochoa.biz/,Iceland,Right-sized grid-enabled instruction set,0,Computer Software / Engineering,8904,Potter, Dyer and Stout
